place_name,category,google_rating
18라멘,라멘,4.0
ANAKUMA CAFE - 다이묘,카페,4.5
Blue Pine,이자아캬,4.7
Cafe+82,카페,4.3
Coffee Hanasaka,카페,4.5
Coffee Shop Clutch,카페,4.8
Coffee Stand Seed Village,카페,4.6
Denkosekka,일식,4.4
FIKA COFFEE,카페,4.5
FUK COFFEE,카페,3.6
Fujiya,이자카야,4.2
Ganso Ramen Hakata Gan Naga,라멘,3.7
Giruhuri Cafe,카페,4.2
Gyobo Santoku,이자카야,4.4
HORANGI (Horani) Korean Restaurant,기타,4.7
Hakata IPPA First Wave,이자카야,4.2
Hakata Nikudokoro Senrian,야키니쿠/고기,4.6
Hakata Ramen Tonkotusewan,라멘,4.2
Hakata Tempura Takao,일식,4.2
Kado,이자카야,4.3
Kawakko Daimyo Honten,야키니쿠/고기,4.6
Kona-Cafe,바,4.8
Kuishinbo,이자카야,4.4
Kururi,야키니쿠/고기,4.7
Lamplight Books Cafe Fukuoka,카페,4.2
Maruni,일식,4.6
Minipig Cafe,동물카페,0.0
Morikawa,이자카야,4.8
Motsunabe Rakutenchi Hakata ST-2 BR,일식,4.8
NIKURIKIYA Tenzinimaizumi,야키니쿠/고기,4.7
NOOICE Tenjin,카페,4.4
Nomidokoro jun,이자카야,4.9
Owl Cafe Tenjin,동물카페,0.0
PLAY korean bar,바,4.9
QUON RIVER TERRACE,카페,4.3
REC COFFEE Hakata Marui Shop,카페,4.2
REC COFFEE Yakuin Station Shop,카페,4.3
SORA COFFEE,카페,4.7
Sensho,야키니쿠/고기,4.0
Sumiyaki modan,이자카야,4.9
Sushi Kaede,스시,4.7
TOFFEE park,카페,4.3
TYROL,카페,4.6
Warausakana,이자카야,4.8
YAKITORI TOKIYA,이자카야,4.5
Yakiniku Don Don Daimyo,야키니쿠/고기,4.5
Yakiniku Hayato,야키니쿠/고기,4.6
cafe KIKUYA,카페,4.3
cafe’ cassette(カフェ カセット),카페,4.4
お酒とごはん おさななじみ,이자카야,4.5
もつ鍋専門店 博多もつ鍋専門店楽天地 離れ4階 ヨドバシ博多駅店,일식,4.8
やひろ屋,라멘,4.4
ネシガン,카페,4.4
ホルモン鉄板鍋 幸家YUKIYA,야키니쿠/고기,4.8
元祖トマトラーメンと辛麺と元祖トマトもつ鍋 三味(333) 十日えびす店,라멘,4.6
博多 晴家,이자카야,4.4
博多 灯（ともり）,이자카야,4.5
博多バリ３酒場,이자카야,4.9
喫茶 M & M,카페,4.7
四季膳あかり,일식,4.8
宇奈とと×もんじゃココきよ大名店 우나토토 몬자 코코키요 다이묘점,일식,4.7
居酒屋夢月希 할배집,이자카야,4.9
火星家,이자카야,4.6
無限焼肉いいねいいね,야키니쿠/고기,4.8
焼うお いし川 博多,일식,4.7
焼酎ダイニング 喜久屋,이자카야,4.7
焼酎・旬彩料理CHIKO,이자카야,4.6
自社活魚車直接仕入れ 玄海亭本店,이자카야,4.3
豊後炊き肉とお晩菜いっしょう,일식,4.7
간소 라멘 나가하마케,라멘,3.7
규카츠 교토가츠규 후쿠오카 텐진 거리점,일식,4.7
규카츠 모토무라 후쿠오카 파르코점,일식,4.9
긴샤리 야키니쿠호르몬,야키니쿠/고기,4.8
나가하마 넘버원 기온점,라멘,4.1
나가하마고텐 스미요시 점,라멘,4.2
나리타야,일식,4.9
나카스라멘 쿄야,라멘,4.1
나카스카와바타 키린,라멘,4.2
넘버샷,이자카야,4.7
네지케몬 이자카야,이자카야,4.0
노 커피,카페,4.2
누마카페,카페,4.8
니시무라야 텐진다이묘점,라멘,4.1
니쿠이치 야쿠인점,야키니쿠/고기,4.5
니쿠젠,야키니쿠/고기,4.2
니혼바레,야키니쿠/고기,4.4
닌교초이마한 하카타점,야키니쿠/고기,4.5
단보 라멘 하카타 나카스점,라멘,4.0
단지,이자카야,4.6
단츄,이자카야,4.5
대중술집 교자 탓짱 나카스가와바타점,이자카야,3.8
더 로컬 커피 스탠드 후쿠오카,카페,4.2
더 사와, 바, 4.8
라멘 부타킨,라멘,4.1
라멘 우나리 기요카와점,라멘,4.1
라멘 우나리 하카타 데이토스점,라멘,3.5
라멘 우치다야,라멘,3.8
라멘 이치무진 에노키타점,라멘,4.3
라멘 지난보 하카타 혼텐,라멘,3.9
라멘스타디움,라멘,3.9
라멘이나다,라멘,4.5
라멘쿠라모치,라멘,4.0
라멘테이,라멘,3.8
라쿠쇼라멘,라멘,4.2
렉커피 텐진미나미,카페,4.5
로바타 신가리,이자카야,4.1
로바타 신카와바시,이자카야,4.9
마누 커피,카페,4.4
마누커피,카페,4.1
마츠리 하루요시,이자카야,4.2
만두 캇짱 텐진다이묘점,이자카야,4.7
맛집 이즈미,스시,4.6
매직바 테지나야 하카타점,바,4.9
메이 카페,카페,4.0
메이드리밍 텐진 니시도리점,카페,4.9
메종 키츠네 후쿠오카,카페.3.6
멘도하나모코시,라멘,4.1
멘야 카네토라 텐진 본점,라멘,4.3
멘야 카네토라 하카타 데이토스점,라멘,4.4
멘야 카네토라 후쿠오카 파르코점,라멘,4.3
멘야 타이손,라멘,4.2
멘야가가 텐진점,라멘,4.4
멘야사이고노 잇테키 (새우라면),라멘,4.4
멘짱 라멘,라멘,4.1
멘코보 나카,라멘,4.4
모츠나베 안메이,일식,4.7
모토무라 규카츠,야키니쿠/고기,4.8
무이치몬 하카타점,야키니쿠/고기,4.0
봄바키친,일식,4.4
부타 매니아동 이나다야 선,일식,4.7
브라보라멘,라멘4.2
비스트로 류우,이자카야,4.8
사바테츠,이자카야,4.3
사케도코로 아카리(오뎅),이자카야,4.2
사케키타루 하카타역점,이자카야,4.0
산미(333) 텐진다이묘본점,라멘,4.5
삿포로 카스소바와 텐푸라 풍토. 하카타 나카스 점,일식,4.7
설화(유키하나),이자카야,4.6
스미게키죠 무사시자,이자카야,4.2
스미요시 슈한-사케,기타,4.5
스시 사카바 사시스 원 후쿠오카 빌딩점,스시,4.4
스테레오 커피,카페,4.1
시나소바 츠키야 본점,라멘,4.1
시치린야,야키니쿠/고기,4.5
시후도,이자카야,4.2
신슈소바 무라타,일식,4.3
신스케,일식,4.7
신신라멘 텐진 파르코점,라멘,4.2
신신라멘 텐진본점,라멘,4.3
아사야마,일식,4.6
앤드로컬스 오호리공원,카페,4.3
야구라 카츠동,일식,4.2
야네우라 바쿠,카페,4.3
야마미라멘,라멘,4.3
야마짱 후쿠오카 텐진점,라멘,4.3
야키니쿠 보우야 후쿠오카 원빌딩점,야키니쿠/고기,4.7
야키니쿠 하나비,야키니쿠/고기,4.8
야키니쿠 호르몬 타케다 다이묘점,야키니쿠/고기,4.6
야키야키미와,일식,4.5
야키토리 마코토짱,야키니쿠/고기,4.3
야키토리 카곤마 하카타역 동부 본점,이자카야,4.6
야키토리 코케코,야키니쿠/고기,4.9
야키토리 쿠루리,야키니쿠/고기,4.7
야키토리 토리쇼우,야키니쿠/고기,4.4
야키토리 하레루야,야키니쿠/고기,4.9
야타이 라멘 신류,라멘,4.2
에덴 하루요시점,야키니쿠/고기,4.3
에비스야 우동,일식,4.4
에스프레소,카페,4.5
오사카나토 소멘 이자카야 신,이자카야,4.8
오오시게 쇼쿠도 이마이즈미점,라멘,4.3
오코노미야키 타쿠미짱,일식,4.4
오호리 우나기,일식,4.8
와라야키 미깡,이자카야,4.3
왕교자,라멘,4.4
요시즈카 우나기야,일식,4.4
요코미치,야키니쿠/고기,4.5
우나리 라멘 나카스점,라멘,4.2
우동 타이라,일식,4.4
우라텐진의 렌 이자카야,이자카야,4.7
우메보시,이자카야,4.2
우오츄,일식바,4.8
데이즈 컵 카페,카페,4.6
라멘 39번지,라멘,4.4
라멘 나오토,라멘,4.3
원조 모츠나베 라쿠텐지 하카타 역앞점,일식,4.8
원조 모츠나베 라쿠텐치 텐진본점,일식,4.7
원조 아카노렌 셋짱 라멘 본점,라멘,4.1
원조 피카이치 하카타본점,기타,4.0
원조라멘 나가하마케,라멘,4.1
이나바쵸 잇케이,일식,4.6
이노야 시로가네,이자카야,4.6
이오리,야키니쿠/고기,4.4
이자카야 나루토,이자카야,4.0
이자카야 오야지,이자카야,4.9
이자카야 와다치,이자카야,4.5
이자카야 쿠루미치,이자카야,4.3
이자카야 호수,이자카야,4.8
이치고야,이자카야,4.6
이치란 본사 총본점,라멘,4.2
이치란 캐널시티 하카타점,라멘,4.1
이치란 텐진 니시도리점,라멘,4.1
이치란 텐진점,라멘,4.4
이치란 하카타점,라멘,4.2
이토오카시,일식,4.4
일본 소바 쵸쥬로,일식,4.5
잇푸도 라멘 다이묘 본점,라멘,4.2
잇푸도 라멘 하카타역점,라멘,4.1
재즈앤카페 백스테이지,카페,4.6
중화 이자카야 후쿠오카 하루마키 브루 야쿠인점,이자카야,4.7
쵸우야,야키니쿠/고기,4.6
치카에,일식,4.3
친푼칸푼 하카타점,이자카야,4.5
카루비테이,야키니쿠/고기,4.9
카본 커피,카페,4.5
카와타로 나카스본점,일식,4.1
카이센동 히노데,일식,4.2
카페 델 솔,카페,4.1
캇포 요시다,일식,4.3
커넥트 커피,카페,4.4
커비카페 하카타,카페,4.1
커피맨,카페,4.5
커피카운티 후쿠오카점,카페,4.6
코우짱라멘 하카타본점,라멘,4.3
코히 훗코,카페,4.5
코히비미,카페,4.5
코히샤 노다,카페,4.3
쿠이신보 마츠무라,일식,4.5
키와미,라멘,4.0
키와미야 함바그 파르코 후쿠오카점,야키니쿠/고기,4.3
킷사 베니스,카페,4.8
타이호라멘 텐진,라멘,4.0
타츠미 스시,스시,4.2
타케토라,이자카야,4.8
텐진호르몬 하카타역점,야키니쿠/고기,4.0
텐푸라 히라오 본점,일식,4.4
텐푸라토사카나 우미노 | 이자카야 텐진,이자카야,3.8
텟페이,이자카야,4.2
토로 사바 · 모츠 냄비 선술집 아킨도 후쿠오카 하카타 본점,이자카야,4.7
토리돈 하루요시점,이자카야,4.0
토리마부시,야키니쿠/고기,4.1
토리메로 텐진니시도리 / 야키토리 이자카야,이자카야,4.2
토리카와 중화소바 카와노소바,라멘,4.7
토마토라멘 산미(333) 텐진다이묘 중심점,라멘,4.6
토이치 스미요시점,야키니쿠/고기,4.2
하가쿠레 우동,일식,4.4
하루요시 라멘,라멘,4.5
하루요시 쇼쿠도,이자카야,4.3
하마쇼지,이자카야,4.3
하이볼바 나카스 1923,이자카야,4.3
하카타 겐키 잇빠이!!,라멘,3.7
하카타 다루마 총본점,라멘,4.0
하카타 멘카이도,라멘,4.2
하카타 모츠나베 마에다야 총본점,일식,4.6
하카타 모츠나베 오오야마 본점,일식,4.5
하카타 아카쵸코베,일식,4.2
하카타 옷쇼이,이자카야,4.4
하카타 이자카야 도겐카이,이자카야,4.1
하카타 잇소우 기온점,라멘,3.8
하카타 잇소우 나카스점,라멘,4.0
하카타 잇소우 본점,라멘,4.0
하카타 잇코샤 총본점,라멘,4.1
하카타 카와바타 도산코,라멘,4.2
하카타 칸베에 기온테이,이자카야,4.4
하카타 코부시 (Hakata Kobushi),이자카야,4.6
하카타 토리카와야키 구,야키니쿠/고기,4.5
하카타라멘,라멘, 0.0
하카타라멘 신신 KITTE하카타점,라멘,4.1
하카타라멘 하카타야 카와바타점,라멘,4.1
하카타라멘 하카타야 카타카스점,라멘,4.0
하카타몬,이자카야,4.7
하카타사카바 소루리바,이자카야,4.4
하카타요리 타에몬,이자카야,4.6
하카타호타루,이자카야,4.2
하카탄사카나야고로,이자카야,4.6
한국바 코리안바 Korean bar Style コリアンバー,바,4.7
핫짱라멘,라멘,4.1
호마치아메 코히,카페,4.5
화이트글래스커피 후쿠오카점,카페,4.3
후글렌 후쿠오카,카페
후쿠짱 라멘,라멘,4.4
후톤라멘,라멘,4.5
히노데 하카타점,일식,4.3
히데짱라멘 톤보점,라멘,3.9
히로시마오코노미야키 오카짱,일식,4.6
히이라기,카페,4.7
히토쿠치 교자 타케토라,이자카야,4.8
J A B,카페,4.6